 {"videoid": 5, "comment_date": "2020-12-15 01:26:50.098Z", "author": "bastitos", "comment": "Mano como  que consegues explica-me IA"}
    {"videoid": 10, "comment_date": "2020-12-15 01:27:05.088Z", "author": "eduzito", "comment": "Mano como  que sabes tantas coisas?"}
 {"videoid": 11, "comment_date": "2020-12-15 01:26:59.808Z", "author": "hugofpaiva", "comment": "Mano incrvel essa troca de palavras"}
                    {"videoid": 1, "comment_date": "2020-12-15 01:26:35.920Z", "author": "dxogo", "comment": "TEM BUE PIADA AHAHAHAH"}
                          {"videoid": 1, "comment_date": "2020-12-15 01:26:19.951Z", "author": "eduzito", "comment": "Nice Video bro"}
            {"videoid": 8, "comment_date": "2020-12-15 01:26:44.064Z", "author": "danielzito", "comment": "Bro s um craque ensina-me"}
         {"videoid": 4, "comment_date": "2020-12-15 01:26:30.888Z", "author": "pintinho", "comment": "Mano as contas esto mal feitas"}
                       {"videoid": 6, "comment_date": "2020-12-15 01:26:55.112Z", "author": "eduzito", "comment": "Foste sim Direito"}
                    {"videoid": 6, "comment_date": "2020-12-15 01:26:26.279Z", "author": "Direitinho", "comment": "Wtf dude n fui eu"}
                   {"videoid": 9, "comment_date": "2020-12-15 01:26:39.704Z", "author": "valente", "comment": "Tas sempre na biblio?"}