                   {"id": 5, "author": "valente", "date": "2020-12-06 17:58:14.305Z", "text": "Tas sempre na biblio?", "videoid": 9}
   {"id": 10, "author": "eduzito", "date": "2020-12-06 18:01:24.505Z", "text": "Mano como  que sabes tantas coisas?", "videoid": 10}
                          {"id": 1, "author": "eduzito", "date": "2020-12-06 17:54:34.877Z", "text": "Nice Video bro", "videoid": 1}
                       {"id": 8, "author": "eduzito", "date": "2020-12-06 18:00:27.449Z", "text": "Foste sim Direito", "videoid": 6}
                    {"id": 2, "author": "Direitinho", "date": "2020-12-06 17:56:00.901Z", "text": "Wtf dude n fui eu", "videoid": 6}
                    {"id": 4, "author": "dxogo", "date": "2020-12-06 17:57:36.181Z", "text": "TEM BUE PIADA AHAHAHAH", "videoid": 1}
 {"id": 7, "author": "bastitos", "date": "2020-12-06 17:59:26.587Z", "text": "Mano como  que consegues explica-me IA", "videoid": 5}
            {"id": 6, "author": "danielzito", "date": "2020-12-06 17:58:49.384Z", "text": "Bro s um craque ensina-me", "videoid": 8}
 {"id": 9, "author": "hugofpaiva", "date": "2020-12-06 18:01:00.698Z", "text": "Mano incrvel essa troca de palavras", "videoid": 11}
         {"id": 3, "author": "pintinho", "date": "2020-12-06 17:56:47.589Z", "text": "Mano as contas esto mal feitas", "videoid": 4}