                    {"author": "Direitinho", "comment_date": "2020-12-15 01:08:36.632Z", "comment": "Wtf dude n fui eu", "videoid": 6}
            {"author": "danielzito", "comment_date": "2020-12-15 01:08:58.618Z", "comment": "Bro s um craque ensina-me", "videoid": 8}
                    {"author": "dxogo", "comment_date": "2020-12-15 01:08:46.920Z", "comment": "TEM BUE PIADA AHAHAHAH", "videoid": 1}
    {"author": "eduzito", "comment_date": "2020-12-15 01:09:19.242Z", "comment": "Mano como  que sabes tantas coisas?", "videoid": 10}
                       {"author": "eduzito", "comment_date": "2020-12-15 01:09:09.538Z", "comment": "Foste sim Direito", "videoid": 6}
                          {"author": "eduzito", "comment_date": "2020-12-15 01:06:01.188Z", "comment": "Nice Video bro", "videoid": 1}
 {"author": "bastitos", "comment_date": "2020-12-15 01:09:04.202Z", "comment": "Mano como  que consegues explica-me IA", "videoid": 5}
                   {"author": "valente", "comment_date": "2020-12-15 01:08:54.034Z", "comment": "Tas sempre na biblio?", "videoid": 9}
 {"author": "hugofpaiva", "comment_date": "2020-12-15 01:09:14.650Z", "comment": "Mano incrvel essa troca de palavras", "videoid": 11}
         {"author": "pintinho", "comment_date": "2020-12-15 01:08:41.624Z", "comment": "Mano as contas esto mal feitas", "videoid": 4}