 {"video_id": 5, "author": "hugofpaiva", "cur_time": "2020-12-06 18:27:10.694Z", "date": "2020-12-06 18:27:10.694Z", "type": "pause"}
      {"video_id": 10, "author": "dxogo", "cur_time": "2020-12-06 18:25:10.253Z", "date": "2020-12-06 18:25:10.253Z", "type": "play"}
    {"video_id": 10, "author": "eduzito", "cur_time": "2020-12-06 18:25:40.398Z", "date": "2020-12-06 18:25:40.398Z", "type": "stop"}
 {"video_id": 11, "author": "hugofpaiva", "cur_time": "2020-12-06 18:24:00.326Z", "date": "2020-12-06 18:24:00.326Z", "type": "stop"}
  {"video_id": 11, "author": "pintinho", "cur_time": "2020-12-06 18:24:33.230Z", "date": "2020-12-06 18:24:33.230Z", "type": "pause"}
 {"video_id": 1, "author": "Direitinho", "cur_time": "2020-12-06 18:23:11.676Z", "date": "2020-12-06 18:23:11.676Z", "type": "pause"}
    {"video_id": 1, "author": "bastitos", "cur_time": "2020-12-06 18:19:51.944Z", "date": "2020-12-06 18:19:51.944Z", "type": "play"}
     {"video_id": 1, "author": "eduzito", "cur_time": "2020-12-06 18:21:04.282Z", "date": "2020-12-06 18:21:04.282Z", "type": "play"}
     {"video_id": 8, "author": "eduzito", "cur_time": "2020-12-06 18:25:56.981Z", "date": "2020-12-06 18:25:56.981Z", "type": "play"}
     {"video_id": 8, "author": "eduzito", "cur_time": "2020-12-06 18:26:14.598Z", "date": "2020-12-06 18:26:14.598Z", "type": "stop"}
      {"video_id": 2, "author": "mendes", "cur_time": "2020-12-06 18:24:12.214Z", "date": "2020-12-06 18:24:12.214Z", "type": "play"}
     {"video_id": 4, "author": "valente", "cur_time": "2020-12-06 18:23:25.318Z", "date": "2020-12-06 18:23:25.318Z", "type": "stop"}
   {"video_id": 7, "author": "bastitos", "cur_time": "2020-12-06 18:24:47.084Z", "date": "2020-12-06 18:24:47.084Z", "type": "pause"}
 {"video_id": 6, "author": "danielzito", "cur_time": "2020-12-06 18:23:42.230Z", "date": "2020-12-06 18:23:42.230Z", "type": "pause"}
    {"video_id": 3, "author": "bastitos", "cur_time": "2020-12-06 18:27:28.622Z", "date": "2020-12-06 18:27:28.622Z", "type": "stop"}