                                        {"video_id": 5, "user": ["marcia_pires", "mendes"]}
                                          {"video_id": 10, "user": ["bastitos", "eduzito"]}
                                                      {"video_id": 11, "user": ["valente"]}
                           {"video_id": 1, "user": ["danielzito", "eduzito", "hugofpaiva"]}
                                          {"video_id": 8, "user": ["hugofpaiva", "mendes"]}
                 {"video_id": 2, "user": ["Direitinho", "bastitos", "pintinho", "valente"]}
                                        {"video_id": 4, "user": ["bastitos", "danielzito"]}
 {"video_id": 7, "user": ["bastitos", "danielzito", "eduzito", "marcia_pires", "pintinho"]}
                                                         {"video_id": 6, "user": ["dxogo"]}
                      {"video_id": 9, "user": ["danielzito", "hugofpaiva", "marcia_pires"]}
                                                       {"video_id": 3, "user": ["eduzito"]}