  {"videoid": 5, "rating": 1}
 {"videoid": 10, "rating": 3}
 {"videoid": 10, "rating": 4}
 {"videoid": 10, "rating": 5}
 {"videoid": 11, "rating": 2}
 {"videoid": 11, "rating": 4}
  {"videoid": 1, "rating": 3}
  {"videoid": 1, "rating": 4}
  {"videoid": 1, "rating": 5}
  {"videoid": 8, "rating": 1}
  {"videoid": 8, "rating": 2}
  {"videoid": 2, "rating": 1}
  {"videoid": 2, "rating": 2}
  {"videoid": 4, "rating": 3}
  {"videoid": 4, "rating": 4}
  {"videoid": 7, "rating": 3}
  {"videoid": 7, "rating": 4}
  {"videoid": 6, "rating": 4}
  {"videoid": 6, "rating": 5}
  {"videoid": 3, "rating": 5}