  {"username": "Direitinho", "date": "2020-12-06 16:42:00.738Z", "email": "rafadireito@ua.pt", "name": "Rafael Direito"}
        {"username": "mendes", "date": "2020-12-06 16:43:38.982Z", "email": "mendesdiogo@ua.pt", "name": "Diogo Mendes"}
         {"username": "danielzito", "date": "2020-12-06 16:41:34.889Z", "email": "dgomes@ua.pt", "name": "Daniel Gomes"}
             {"username": "dxogo", "date": "2020-12-06 16:46:29.209Z", "email": "dioguinho@ua.pt", "name": "Diogo Cruz"}
 {"username": "eduzito", "date": "2020-12-06 16:40:56.976Z", "email": "eduardosantoshf@ua.pt", "name": "Eduardo Santos"}
        {"username": "bastitos", "date": "2020-12-06 16:39:42.897Z", "email": "pedro.bas@ua.pt", "name": "Pedro Bastos"}
          {"username": "valente", "date": "2020-12-06 16:43:12.142Z", "email": "valente@ua.pt", "name": "Pedro Valente"}
            {"username": "hugofpaiva", "date": "2020-12-06 16:47:01.922Z", "email": "hugop@ua.pt", "name": "Hugo Paiva"}
        {"username": "marcia_pires", "date": "2020-12-06 16:45:46.195Z", "email": "mpires@ua.pt", "name": "Mrcia Pires"}
           {"username": "pintinho", "date": "2020-12-06 16:42:30.136Z", "email": "gpinto@ua.pt", "name": "Gonalo Pinto"}