 {"id": 5, "author": "danielzito", "description": "I solved sokoban before DG introduced it", "name": "Solving Sokoban in the summer", "tag": ["genious", "nerd", "work"], "upload_date": "2020-06-05 23:00:00.000Z"}
       {"id": 10, "author": "pintinho", "description": "Mais um tema random que eu sei tudo sobre!", "name": "Eleies Americanas", "tag": ["TrumpOut", "informed", "work"], "upload_date": "2019-10-04 23:00:00.000Z"}
             {"id": 11, "author": "bastitos", "description": "Letras trocadas porque  divertido!", "name": "Sums de Ananol", "tag": ["comedian", "funny", "joke", "nice"], "upload_date": "2015-12-11 00:00:00.000Z"}
                                                     {"id": 1, "author": "bastitos", "description": "tem muita piada!", "name": "Elo mais roto", "tag": ["funny", "joke"], "upload_date": "2010-06-04 23:00:00.000Z"}
                           {"id": 8, "author": "hugofpaiva", "description": "Im the best!", "name": "Implementing django filters", "tag": ["django", "pro", "programmer"], "upload_date": "2015-02-02 00:00:00.000Z"}
                                      {"id": 2, "author": "eduzito", "description": "Russos a danar!", "name": "Tripaloski", "tag": ["funny", "joke", "russian", "vodka"], "upload_date": "2012-04-11 23:00:00.000Z"}
                                         {"id": 4, "author": "mendes", "description": "techsales da AETTUA", "name": "Techsales", "tag": ["blackfriday", "sales", "work"], "upload_date": "2020-12-04 00:00:00.000Z"}
                     {"id": 7, "author": "eduzito", "description": "Fiz um poema para a minha amada", "name": "Poema da Carlota", "tag": ["carlota", "casamento", "love"], "upload_date": "2020-12-03 00:00:00.000Z"}
                         {"id": 6, "author": "bastitos", "description": "Direito made me do it!", "name": "Lets Smoke Direito!", "tag": ["Mercadonegro", "joint", "joke"], "upload_date": "2020-12-05 00:00:00.000Z"}
                                        {"id": 9, "author": "marcia_pires", "description": "Biblioteca  vida!", "name": "Video na biblioteca", "tag": ["library", "life"], "upload_date": "2000-12-12 00:00:00.000Z"}
                                                          {"id": 3, "author": "dxogo", "description": "Humilhao!", "name": "Bayern 8-2 Bara", "tag": ["football", "rekt"], "upload_date": "2019-12-03 00:00:00.000Z"}